# module	version	SPDX expression
filippo.io/edwards25519	v1.1.0	BSD-3-Clause
github.com/aws/aws-sdk-go-v2	v1.36.0	Apache-2.0
github.com/aws/aws-sdk-go-v2/config	v1.29.5	Apache-2.0
github.com/aws/aws-sdk-go-v2/credentials	v1.17.58	Apache-2.0
github.com/aws/aws-sdk-go-v2/feature/ec2/imds	v1.16.27	Apache-2.0
github.com/aws/aws-sdk-go-v2/internal/configsources	v1.3.31	Apache-2.0
github.com/aws/aws-sdk-go-v2/internal/endpoints/v2	v2.6.31	Apache-2.0
github.com/aws/aws-sdk-go-v2/internal/ini	v1.8.2	Apache-2.0
github.com/aws/aws-sdk-go-v2/service/internal/accept-encoding	v1.12.2	Apache-2.0
github.com/aws/aws-sdk-go-v2/service/internal/presigned-url	v1.12.12	Apache-2.0
github.com/aws/aws-sdk-go-v2/service/ssm	v1.44.7	Apache-2.0
github.com/aws/aws-sdk-go-v2/service/sso	v1.24.14	Apache-2.0
github.com/aws/aws-sdk-go-v2/service/ssooidc	v1.28.13	Apache-2.0
github.com/aws/aws-sdk-go-v2/service/sts	v1.33.13	Apache-2.0
github.com/aws/smithy-go	v1.22.2	Apache-2.0
github.com/digitalocean/go-smbios	v0.0.0-20180907143718-390a4f403a8e	Apache-2.0
github.com/fxamacker/cbor/v2	v2.7.0	MIT
github.com/gaissmai/bart	v0.18.0	MIT
github.com/go-json-experiment/json	v0.0.0-20250223041408-d3c622f1b874	BSD-3-Clause
github.com/godbus/dbus/v5	v5.1.1-0.20230522191255-76236955d466	BSD-2-Clause
github.com/golang/groupcache	v0.0.0-20210331224755-41bb18bfe9da	Apache-2.0
github.com/google/btree	v1.1.2	Apache-2.0
github.com/gorilla/csrf	v1.7.3-0.20250123201450-9dd6af1f6d30	BSD-3-Clause
github.com/gorilla/securecookie	v1.1.2	BSD-3-Clause
github.com/hdevalence/ed25519consensus	v0.2.0	BSD-3-Clause
github.com/illarion/gonotify/v3	v3.0.2	MIT
github.com/jmespath/go-jmespath	v0.4.0	Apache-2.0
github.com/klauspost/compress	v1.17.11	Apache-2.0 AND BSD-3-Clause
github.com/mdlayher/sdnotify	v1.0.0	MIT
github.com/miekg/dns	v1.1.58	BSD-3-Clause
github.com/mitchellh/go-ps	v1.0.0	MIT
github.com/safchain/ethtool	v0.3.0	Apache-2.0
github.com/tailscale/goupnp	v1.0.1-0.20210804011211-c64d0f06ea05	BSD-2-Clause
github.com/tailscale/hujson	v0.0.0-20221223112325-20486734a56a	BSD-3-Clause
github.com/tailscale/netlink	v1.1.1-0.20240822203006-4d49adab4de7	Apache-2.0
github.com/tailscale/peercred	v0.0.0-20250107143737-35a0c7bd7edc	BSD-3-Clause
github.com/tailscale/web-client-prebuilt	v0.0.0-20250124233751-d4cd19a26976	BSD-3-Clause
github.com/tailscale/wireguard-go	v0.0.0-20250107165329-0b8b35511f19	MIT
github.com/vishvananda/netns	v0.0.4	Apache-2.0
github.com/x448/float16	v0.8.4	MIT
go4.org/mem	v0.0.0-20240501181205-ae6ca9944745	Apache-2.0
go4.org/netipx	v0.0.0-20231129151722-fdeea329fbba	BSD-3-Clause
golang.org/x/crypto	v0.35.0	BSD-3-Clause
golang.org/x/exp	v0.0.0-20250210185358-939b2ce775ac	BSD-3-Clause
golang.org/x/net	v0.36.0	BSD-3-Clause
golang.org/x/sync	v0.11.0	BSD-3-Clause
golang.org/x/sys	v0.30.0	BSD-3-Clause
golang.org/x/term	v0.29.0	BSD-3-Clause
golang.org/x/text	v0.22.0	BSD-3-Clause
golang.org/x/time	v0.10.0	BSD-3-Clause
gvisor.dev/gvisor	v0.0.0-20250205023644-9414b50a5633	Apache-2.0
tailscale.com	e4d64c6faf827a308ec20b39651225178e6743c0	BSD-3-Clause
